date,home_team,away_team,home_score,away_score
2025-01-05,Hawks,Falcons,102,98
2025-01-08,Falcons,Wolves,110,115
2025-01-12,Wolves,Hawks,101,99
2025-01-15,Hawks,Comets,120,90
2025-01-19,Comets,Falcons,95,105
2025-01-22,Wolves,Comets,108,88
2025-01-26,Falcons,Hawks,99,104
2025-01-29,Comets,Wolves,92,112
2025-02-02,Hawks,Wolves,97,101
2025-02-05,Falcons,Comets,111,89
2025-02-09,Wolves,Falcons,106,100
2025-02-12,Comets,Hawks,85,118
2025-02-16,Hawks,Falcons,109,96
2025-02-19,Wolves,Hawks,103,107
2025-02-23,Comets,Falcons,94,100
2025-02-26,Falcons,Wolves,102,109
